"city","population","MCO","lat","lon","District","state","province","country"
"Corvallis",58641,700,44.5645659,-123.2620435,1,"OR","Oregon","US"
"Medford",74907,700,42.3264181,-122.8718605,1,"OR","Oregon","US"
"Bend",111823,700,44.0581728,-121.3153096,1,"OR","Oregon","US"
"Eugene",159150,700,44.0505054,-123.0950506,1,"OR","Oregon","US"
"South Hill",64708,701,47.1210893,-122.290702,33,"WA","Washington","US"
"Renton",106785,701,47.4799078,-122.2034496,33,"WA","Washington","US"
"Kent",136588,701,47.3826903,-122.2270272,33,"WA","Washington","US"
"Seattle",737015,701,47.6038321,-122.330062,33,"WA","Washington","US"
"Olympia",55605,702,47.0451022,-122.8950075,33,"WA","Washington","US"
"Lakewood",63612,702,47.1717649,-122.518458,33,"WA","Washington","US"
"Federal Way",101030,702,47.313494,-122.33931,33,"WA","Washington","US"
"Tacoma",219346,702,47.2455013,-122.438329,33,"WA","Washington","US"
"Pasco",77108,703,46.2306739,-119.0921,33,"WA","Washington","US"
"Yakima",96968,703,46.601557,-120.510842,33,"WA","Washington","US"
"Spokane Valley",102976,703,47.6571104,-117.2613936,33,"WA","Washington","US"
"Spokane",228989,703,47.6571934,-117.42351,33,"WA","Washington","US"
"Tigard",54539,704,45.4307473,-122.771933,1,"OR","Oregon","US"
"Beaverton",97494,704,45.4871723,-122.80378,1,"OR","Oregon","US"
"Hillsboro",106447,704,45.5228939,-122.989827,1,"OR","Oregon","US"
"Salem",155469,704,44.9391565,-123.033121,1,"OR","Oregon","US"
"East Honolulu",50922,705,21.2891309,-157.7173915,23,"HI","Hawaii","US"
"Waipahu",71894,705,21.3866667,-158.009166,23,"HI","Hawaii","US"
"Honolulu",350964,705,21.304547,-157.855676,23,"HI","Hawaii","US"
"Rancho Cordova",59921,706,38.5890723,-121.302728,21,"CA","California","US"
"Folsom",66123,706,38.6779591,-121.176058,21,"CA","California","US"
"Citrus Heights",88890,706,38.7071247,-121.2810611,21,"CA","California","US"
"Roseville",107158,706,38.7521235,-121.2880059,21,"CA","California","US"
"Cupertino",59276,707,37.3228934,-122.0322895,21,"CA","California","US"
"Milpitas",84196,707,37.4332273,-121.8989248,21,"CA","California","US"
"Salinas",157380,707,36.6744117,-121.655037,21,"CA","California","US"
"San Jose",1013240,707,37.3361663,-121.890591,21,"CA","California","US"
"Palo Alto",65364,708,37.4443293,-122.1598465,21,"CA","California","US"
"Redwood City",88314,708,37.4863239,-122.232523,21,"CA","California","US"
"San Mateo",103536,708,37.5629997,-122.3253265,21,"CA","California","US"
"San Francisco",873965,708,37.7792588,-122.4193286,21,"CA","California","US"
"Tulare",59278,709,36.2077351,-119.3473421,26,"CA","California","US"
"Madera",65706,709,36.9622745,-120.0594685,26,"CA","California","US"
"Visalia",130104,709,36.3302284,-119.292058,26,"CA","California","US"
"Fresno",520052,709,36.7394421,-119.78483,26,"CA","California","US"
"Turlock",73504,710,37.4946568,-120.8465941,21,"CA","California","US"
"Merced",83316,710,37.3029568,-120.4843269,21,"CA","California","US"
"Elk Grove",166913,710,38.4087993,-121.3716178,21,"CA","California","US"
"Stockton",305658,710,37.9577016,-121.290779,21,"CA","California","US"
"Santa Barbara",91196,711,34.4221319,-119.702667,26,"CA","California","US"
"Santa Maria",107408,711,34.9531295,-120.435857,26,"CA","California","US"
"Thousand Oaks",124207,711,34.1705609,-118.8375937,26,"CA","California","US"
"Oxnard",207254,711,34.1976308,-119.180381,26,"CA","California","US"
"Lynwood",71061,712,33.924831,-118.2024154,2,"CA","California","US"
"South Gate",94396,712,33.9463456,-118.200981,2,"CA","California","US"
"Inglewood",114914,712,33.9562003,-118.353132,2,"CA","California","US"
"Los Angeles",3898747,712,34.0536909,-118.242766,2,"CA","California","US"
"Diamond Bar",57759,713,34.0286226,-117.8103367,2,"CA","California","US"
"Baldwin Park",78568,713,34.0854739,-117.9611761,2,"CA","California","US"
"Norwalk",105549,713,33.9092802,-118.0849169,2,"CA","California","US"
"Downey",114355,713,33.9404441,-118.1292846,2,"CA","California","US"
"Pasadena",137122,714,34.1476507,-118.144155,26,"CA","California","US"
"Palmdale",152750,714,34.5793131,-118.11711,26,"CA","California","US"
"Santa Clarita",182371,714,34.4127963,-118.5538088,26,"CA","California","US"
"Glendale",200831,714,34.1469416,-118.2478471,26,"CA","California","US"
"Yorba Linda",65314,715,33.8901096,-117.8249705,2,"CA","California","US"
"Westminster",89701,715,33.7578725,-117.9859054,2,"CA","California","US"
"Garden Grove",170883,715,33.7746292,-117.9463717,2,"CA","California","US"
"Anaheim",350742,715,33.8347516,-117.911732,2,"CA","California","US"
"Apple Valley",68886,716,34.5008311,-117.1858759,26,"CA","California","US"
"Hesperia",83351,716,34.4263886,-117.3008784,26,"CA","California","US"
"Rancho Cucamonga",170714,716,34.1033192,-117.575173,26,"CA","California","US"
"San Bernardino",222101,716,34.1081621,-117.28946,26,"CA","California","US"
"Santee",60037,717,32.8383828,-116.9739167,2,"CA","California","US"
"El Cajon",106215,717,32.7947731,-116.962526,2,"CA","California","US"
"San Diego",1386932,717,32.7174202,-117.162772,2,"CA","California","US"
"Caldwell",59996,718,43.6678736,-116.689415,23,"ID","Idaho","US"
"Nampa",101410,718,43.5737361,-116.559631,23,"ID","Idaho","US"
"Meridian",117635,718,43.6086295,-116.392326,23,"ID","Idaho","US"
"Boise",235684,718,43.6166163,-116.200886,23,"ID","Idaho","US"
"Yuba City",66941,719,39.1404477,-121.6169108,21,"CA","California","US"
"Redding",91582,719,40.5863563,-122.391675,21,"CA","California","US"
"Vacaville",100670,719,38.3565773,-121.9877444,21,"CA","California","US"
"Fairfield",117133,719,38.2493581,-122.039966,21,"CA","California","US"
"Taylorsville",58048,720,40.6676347,-111.9388027,23,"UT","Utah","US"
"South Jordan",77487,720,40.5584882,-111.9367107,23,"UT","Utah","US"
"Sandy",96904,720,40.5710454,-111.8953815,23,"UT","Utah","US"
"West Jordan",116961,720,40.6061337,-111.9395211,23,"UT","Utah","US"
"Buckeye",91502,721,33.3703197,-112.583776,15,"AZ","Arizona","US"
"Peoria",190985,721,33.5806115,-112.237294,15,"AZ","Arizona","US"
"Glendale",248325,721,33.5386858,-112.185994,15,"AZ","Arizona","US"
"Phoenix",1608139,721,33.4484367,-112.074141,15,"AZ","Arizona","US"
"Broomfield",74112,722,39.9403995,-105.05208,3,"CO","Colorado","US"
"Greeley",103990,722,40.4233142,-104.7091322,3,"CO","Colorado","US"
"Westminster",110945,722,39.8366528,-105.0372046,3,"CO","Colorado","US"
"Fort Collins",148612,722,40.5871782,-105.0770113,3,"CO","Colorado","US"
"Tempe",180587,723,33.4255117,-111.940016,15,"AZ","Arizona","US"
"Mesa",504258,723,33.4151005,-111.831455,15,"AZ","Arizona","US"
"Santa Fe",87505,724,35.6876096,-105.938456,3,"NM","New Mexico","US"
"Rio Rancho",110660,724,35.2702448,-106.6329806,3,"NM","New Mexico","US"
"Albuquerque",564559,724,35.0841034,-106.650985,3,"NM","New Mexico","US"
"Bismarck",58333,725,46.808327,-100.783739,4,"ND","North Dakota","US"
"Rapid City",74703,725,44.0806041,-103.228023,4,"SD","South Dakota","US"
"Fargo",90056,725,46.877229,-96.789821,4,"ND","North Dakota","US"
"Sioux Falls",192517,725,43.5476008,-96.7293629,4,"SD","South Dakota","US"
"Lakeville",53074,726,44.650051,-93.2432791,4,"MN","Minnesota","US"
"Eden Prairie",60797,726,44.8546856,-93.470786,4,"MN","Minnesota","US"
"Woodbury",75102,726,44.919896,-92.9339449,4,"MN","Minnesota","US"
"Rochester",119756,726,44.0234387,-92.4630182,4,"MN","Minnesota","US"
"Maple Grove",61567,729,45.0984983,-93.4419222,4,"MN","Minnesota","US"
"Plymouth",70576,729,45.0065149,-93.46651,4,"MN","Minnesota","US"
"Duluth",86265,729,46.7729322,-92.1251218,4,"MN","Minnesota","US"
"Minneapolis",429954,729,44.9772995,-93.2654692,4,"MN","Minnesota","US"
"Council Bluffs",62799,730,41.258841,-95.8519484,4,"IA","Iowa","US"
"Bellevue",64176,730,41.1365122,-95.8937398,4,"NE","Nebraska","US"
"Lincoln",291082,730,40.8088861,-96.7077751,4,"NE","Nebraska","US"
"Omaha",486051,730,41.2587459,-95.9383758,4,"NE","Nebraska","US"
"Portland",68408,731,43.6573605,-70.2586618,24,"ME","Maine","US"
"San Clemente",65526,732,33.4270275,-117.6124179,2,"CA","California","US"
"Mission Viejo",97156,732,33.5965685,-117.659405,2,"CA","California","US"
"Costa Mesa",109960,732,33.6633386,-117.903317,2,"CA","California","US"
"Irvine",256927,732,33.6856969,-117.825981,2,"CA","California","US"
"Rowlett",63671,733,32.9029017,-96.56388,5,"TX","Texas","US"
"Richardson",116382,733,32.9481789,-96.7297206,5,"TX","Texas","US"
"Carrollton",133251,733,32.9537349,-96.8902816,5,"TX","Texas","US"
"Plano",288253,733,33.0136764,-96.6925096,5,"TX","Texas","US"
"Shawnee",59252,734,39.0229714,-94.7145415,3,"KS","Kansas","US"
"Lawrence",95358,734,38.9719137,-95.2359403,3,"KS","Kansas","US"
"Topeka",124331,734,39.049011,-95.677556,3,"KS","Kansas","US"
"Kansas City",463202,734,39.100105,-94.5781416,3,"MO","Missouri","US"
"Joplin",51762,735,37.0841838,-94.5133385,30,"MO","Missouri","US"
"Columbia",120612,735,38.951883,-92.3337366,30,"MO","Missouri","US"
"Springfield",169176,735,37.2081729,-93.2922715,30,"MO","Missouri","US"
"Saint Louis",301578,736,38.6280278,-90.1910154,30,"MO","Missouri","US"
"Austin",974447,737,30.2711286,-97.7436995,17,"TX","Texas","US"
"Moore",55081,738,35.3383254,-97.4867045,22,"OK","Oklahoma","US"
"Lawton",87540,738,34.6086854,-98.3903305,22,"OK","Oklahoma","US"
"Norman",102827,738,35.2225717,-97.4394816,22,"OK","Oklahoma","US"
"Palatine",67908,739,42.1105779,-88.0336888,16,"IL","Illinois","US"
"Waukegan",89321,739,42.3636331,-87.8447938,16,"IL","Illinois","US"
"Wichita Falls",102316,740,33.9004572,-98.5020777,5,"TX","Texas","US"
"Abilene",125182,740,32.44645,-99.7475905,5,"TX","Texas","US"
"Amarillo",200393,740,35.20729,-101.8371192,5,"TX","Texas","US"
"Lubbock",257141,740,33.5855677,-101.8470215,5,"TX","Texas","US"
"Mesquite",150108,741,32.7666103,-96.599472,5,"TX","Texas","US"
"Garland",242035,741,32.912624,-96.6388833,5,"TX","Texas","US"
"Dallas",1288457,741,32.7762719,-96.7968559,5,"TX","Texas","US"
"North Little Rock",64591,742,34.769536,-92.2670941,22,"AR","Arkansas","US"
"Jonesboro",78576,742,35.8272257,-90.6949871,22,"AR","Arkansas","US"
"Fort Smith",89142,742,35.3880338,-94.4265011,22,"AR","Arkansas","US"
"Little Rock",202591,742,34.7465071,-92.2896267,22,"AR","Arkansas","US"
"Texarkana",65580,743,33.4254259,-94.0430937,22,"AR","Arkansas","US"
"Longview",81638,743,32.5007031,-94.74049,22,"TX","Texas","US"
"Tyler",105995,743,32.3512601,-95.3010624,22,"TX","Texas","US"
"Shreveport",187593,743,32.5135356,-93.7477839,22,"LA","Louisiana","US"
"San Marcos",67553,744,29.8826436,-97.9405828,17,"TX","Texas","US"
"New Braunfels",90403,744,29.7028266,-98.1257348,17,"TX","Texas","US"
"San Antonio",1434625,744,29.4246002,-98.4951405,17,"TX","Texas","US"
"Baytown",75418,745,29.7355047,-94.9774274,34,"TX","Texas","US"
"League City",83560,745,29.5074538,-95.0949303,34,"TX","Texas","US"
"Pearland",91000,745,29.5639758,-95.2864299,34,"TX","Texas","US"
"Pasadena",144793,745,29.6910753,-95.2092076,34,"TX","Texas","US"
"Kenner",66592,747,29.9942265,-90.2417806,22,"LA","Louisiana","US"
"Metairie",143507,747,29.9899926,-90.1505426,22,"LA","Louisiana","US"
"New Orleans",383997,747,29.9759983,-90.0782127,22,"LA","Louisiana","US"
"Gulfport",64316,748,30.3674198,-89.0928155,22,"MS","Mississippi","US"
"Jackson",153701,748,32.2998686,-90.1830408,22,"MS","Mississippi","US"
"La Crosse",52680,749,43.8122836,-91.2514355,16,"WI","Wisconsin","US"
"Janesville",63575,749,42.6829765,-89.0226793,16,"WI","Wisconsin","US"
"Rockford",148655,749,42.2713945,-89.093966,16,"IL","Illinois","US"
"Madison",263332,749,43.074761,-89.3837613,16,"WI","Wisconsin","US"
"Waukesha",71158,750,43.0116784,-88.2314813,16,"WI","Wisconsin","US"
"Racine",79592,750,42.7313756,-87.7834769,16,"WI","Wisconsin","US"
"Kenosha",99986,750,42.5846773,-87.8212263,16,"WI","Wisconsin","US"
"Milwaukee",577222,750,43.0386475,-87.9090751,16,"WI","Wisconsin","US"
"Kentwood",54304,751,42.8694731,-85.6447492,7,"MI","Michigan","US"
"Wyoming",76501,751,42.9132581,-85.7057035,7,"MI","Michigan","US"
"Grand Rapids",198917,751,42.9632425,-85.6678639,7,"MI","Michigan","US"
"Taylor",64240,752,42.240872,-83.2696509,7,"MI","Michigan","US"
"Farmington Hills",80937,752,42.4853125,-83.3771553,7,"MI","Michigan","US"
"Livonia",96736,752,42.36837,-83.3527097,7,"MI","Michigan","US"
"Ann Arbor",123851,752,42.2813722,-83.7484616,7,"MI","Michigan","US"
"Palm Harbor",57439,753,28.0780718,-82.7637127,12,"FL","Florida","US"
"Largo",73796,753,27.9094665,-82.7873244,12,"FL","Florida","US"
"Clearwater",107742,753,27.9658533,-82.8001026,12,"FL","Florida","US"
"Saint Petersburg",244324,753,27.7700475,-82.6359078,12,"FL","Florida","US"
"Pontiac",61606,754,42.6389216,-83.2910468,7,"MI","Michigan","US"
"Southfield",72966,754,42.4733689,-83.2218731,7,"MI","Michigan","US"
"Dearborn",92382,754,42.3222599,-83.1763145,7,"MI","Michigan","US"
"Detroit",672351,754,42.3315509,-83.0466403,7,"MI","Michigan","US"
"Bryan",83980,755,30.6743643,-96.3699632,34,"TX","Texas","US"
"College Station",120511,755,30.6183939,-96.3455991,34,"TX","Texas","US"
"Cypress",122803,755,29.9691116,-95.6971686,34,"TX","Texas","US"
"Pflugerville",65191,756,30.4393696,-97.6200043,17,"TX","Texas","US"
"Cedar Park",77595,756,30.5217116,-97.827833,17,"TX","Texas","US"
"Round Rock",119468,756,30.5085915,-97.6788056,17,"TX","Texas","US"
"Killeen",153095,756,31.1171441,-97.727796,17,"TX","Texas","US"
"Tinley Park",55971,757,41.5733669,-87.7844944,28,"IL","Illinois","US"
"Oak Lawn",58362,757,41.7108662,-87.7581081,28,"IL","Illinois","US"
"Joliet",150362,757,41.5263603,-88.0840212,28,"IL","Illinois","US"
"Skokie",67824,758,42.0262972,-87.7521069,28,"IL","Illinois","US"
"Evanston",78110,758,42.0470043,-87.6846053,28,"IL","Illinois","US"
"Elkhart",52748,759,41.6819935,-85.9766671,28,"IN","Indiana","US"
"Gary",68325,759,41.6020962,-87.3370646,28,"IN","Indiana","US"
"Hammond",77879,759,41.6173959,-87.5220108,28,"IN","Indiana","US"
"South Bend",103453,759,41.6833813,-86.2500066,28,"IN","Indiana","US"
"Decatur",77047,760,39.8454163,-88.9524151,30,"IL","Illinois","US"
"Champaign",88302,760,40.1164841,-88.2430932,30,"IL","Illinois","US"
"Springfield",116482,760,39.7990175,-89.6439575,30,"IL","Illinois","US"
"Rogers",69908,761,36.3330154,-94.1166283,22,"AR","Arkansas","US"
"Fayetteville",93949,761,36.0625843,-94.1574328,22,"AR","Arkansas","US"
"Broken Arrow",98850,761,36.0525993,-95.7908195,22,"OK","Oklahoma","US"
"Tulsa",413066,761,36.1563122,-95.9927516,22,"OK","Oklahoma","US"
"Madison",56933,762,34.6928726,-86.7511427,6,"AL","Alabama","US"
"Decatur",57938,762,34.6060203,-86.9838165,6,"AL","Alabama","US"
"Tuscaloosa",99600,762,33.2095614,-87.5675258,6,"AL","Alabama","US"
"Huntsville",215006,762,34.729847,-86.5859011,6,"AL","Alabama","US"
"South Fulton",95000,763,33.5902659,-84.6712292,6,"GA","Georgia","US"
"Terre Haute",57259,764,39.4667025,-87.4139119,7,"IN","Indiana","US"
"Greenwood",63830,764,39.6136987,-86.1095429,7,"IN","Indiana","US"
"Bloomington",69247,764,39.1670396,-86.5342881,7,"IN","Indiana","US"
"Indianapolis",882039,764,39.7683331,-86.1583502,7,"IN","Indiana","US"
"Mansfield",50212,765,40.75839,-82.5154471,31,"OH","Ohio","US"
"Toledo",268508,765,41.6529143,-83.5378173,31,"OH","Ohio","US"
"Elyria",52816,766,41.3673191,-82.1073583,31,"OH","Ohio","US"
"Lorain",65337,766,41.4673238,-82.1781904,31,"OH","Ohio","US"
"Parma",79982,766,41.3822398,-81.7355692,31,"OH","Ohio","US"
"Cleveland",367991,766,41.4996574,-81.6936772,31,"OH","Ohio","US"
"Cuyahoga Falls",50810,767,41.1362729,-81.4828123,31,"OH","Ohio","US"
"Youngstown",60270,767,41.1035786,-80.6520161,31,"OH","Ohio","US"
"Canton",70426,767,40.7985464,-81.3749508,31,"OH","Ohio","US"
"Akron",189347,767,41.083064,-81.518485,31,"OH","Ohio","US"
"Mount Pleasant",59113,768,32.7940651,-79.8625851,27,"SC","South Carolina","US"
"North Charleston",114852,768,32.8546197,-79.9748103,27,"SC","South Carolina","US"
"Savannah",147780,768,32.0790074,-81.0921335,27,"GA","Georgia","US"
"Charleston",150227,768,32.7884363,-79.9399309,27,"SC","South Carolina","US"
"Columbus",905748,769,39.9622601,-83.0007065,31,"OH","Ohio","US"
"Hamilton",62447,770,39.3995067,-84.5613428,31,"OH","Ohio","US"
"Cincinnati",298800,770,39.1014537,-84.5124602,31,"OH","Ohio","US"
"Collierville",51324,771,35.042036,-89.6645266,20,"TN","Tennessee","US"
"Bartlett",58579,771,35.2045329,-89.8739753,20,"TN","Tennessee","US"
"Jackson",66975,771,35.6144446,-88.8177418,20,"TN","Tennessee","US"
"Memphis",633104,771,35.1460249,-90.0517638,20,"TN","Tennessee","US"
"Hendersonville",56018,772,36.3049177,-86.621443,20,"TN","Tennessee","US"
"Bowling Green",72294,772,36.9929203,-86.4428677,20,"KY","Kentucky","US"
"Clarksville",180716,772,36.5277607,-87.3588703,20,"TN","Tennessee","US"
"Nashville",654610,772,36.1622767,-86.7742984,20,"TN","Tennessee","US"
"Owensboro",55525,773,37.7742152,-87.1133304,20,"KY","Kentucky","US"
"Evansville",115738,773,37.970495,-87.5715641,20,"IN","Indiana","US"
"Lexington",322570,773,38.0464066,-84.4970393,20,"KY","Kentucky","US"
"Louisville",612780,773,38.2542376,-85.759407,20,"KY","Kentucky","US"
"Kingsport",53014,774,36.550238,-82.5594293,20,"TN","Tennessee","US"
"Johnson City",71046,774,36.3167671,-82.352903,20,"TN","Tennessee","US"
"Chattanooga",176588,774,35.0457219,-85.3094883,20,"TN","Tennessee","US"
"Knoxville",190740,774,35.9603948,-83.9210261,20,"TN","Tennessee","US"
"Auburn",76143,775,32.6098566,-85.4807825,6,"AL","Alabama","US"
"Hoover",92606,775,33.3848933,-86.8070484,6,"AL","Alabama","US"
"Montgomery",200603,775,32.37742,-86.3091683,6,"AL","Alabama","US"
"Birmingham",200733,775,33.5206824,-86.8024326,6,"AL","Alabama","US"
"Brookhaven",53518,776,33.8584368,-84.340203,6,"GA","Georgia","US"
"Atlanta",506804,776,33.7489924,-84.3902644,6,"GA","Georgia","US"
"Smyrna",56685,777,33.883887,-84.5147454,6,"GA","Georgia","US"
"Marietta",61048,777,33.9528472,-84.5496148,6,"GA","Georgia","US"
"Pensacola",53248,778,30.421309,-87.2169149,25,"FL","Florida","US"
"Mobile",187041,778,30.6913462,-88.0437509,25,"AL","Alabama","US"
"Warner Robins",74854,779,32.6200973,-83.606568,6,"GA","Georgia","US"
"Albany",75335,779,31.5782062,-84.1556809,6,"GA","Georgia","US"
"Macon",152663,779,32.8406946,-83.6324022,6,"GA","Georgia","US"
"Columbus",189885,779,32.4610708,-84.9880449,6,"GA","Georgia","US"
"Gastonia",69904,780,35.2622654,-81.1838186,27,"NC","North Carolina","US"
"Rock Hill",74102,780,34.9248667,-81.0250784,27,"SC","South Carolina","US"
"Delray Beach",60522,781,26.4614625,-80.0728201,12,"FL","Florida","US"
"Melbourne",76068,781,28.0785034,-80.6077908,12,"FL","Florida","US"
"Palm Bay",119760,781,27.9946969,-80.6366144,12,"FL","Florida","US"
"Port Saint Lucie",164603,781,27.2939333,-80.3503283,12,"FL","Florida","US"
"Chapel Hill",61960,782,35.9131542,-79.05578,8,"NC","North Carolina","US"
"Cary",176987,782,35.7882893,-78.7812081,8,"NC","North Carolina","US"
"Durham",283506,782,35.996653,-78.9018053,8,"NC","North Carolina","US"
"Raleigh",431746,782,35.7803977,-78.6390989,8,"NC","North Carolina","US"
"Columbia",139698,783,34.000754,-81.0352313,27,"SC","South Carolina","US"
"Augusta",194343,783,33.4709714,-81.9748429,27,"GA","Georgia","US"
"Jacksonville",949611,784,30.3321838,-81.655651,25,"FL","Florida","US"
"Four Corners",56381,785,28.3550481,-81.6770547,25,"FL","Florida","US"
"Horizon West",58101,785,28.474433,-81.6265207,25,"FL","Florida","US"
"Pine Hills",66111,785,28.5779593,-81.4514891,25,"FL","Florida","US"
"Poinciana",69309,785,28.1431314,-81.4700737,25,"FL","Florida","US"
"Tampa",384959,786,27.9477595,-82.458444,12,"FL","Florida","US"
"Homestead",60512,787,25.4718946,-80.4759905,12,"FL","Florida","US"
"Kendall",114736,787,25.6792695,-80.3172743,12,"FL","Florida","US"
"Hialeah",224669,787,25.822168,-80.2777409,12,"FL","Florida","US"
"Miami",404048,787,25.7741728,-80.19362,12,"FL","Florida","US"
"Weston",65720,788,26.1003392,-80.399513,12,"FL","Florida","US"
"Boca Raton",86396,788,26.3586885,-80.0830984,12,"FL","Florida","US"
"Miramar",108072,788,25.9873137,-80.2322706,12,"FL","Florida","US"
"Fort Lauderdale",165521,788,26.1223084,-80.1433786,12,"FL","Florida","US"
"High Point",104371,789,35.9556924,-80.0053176,8,"NC","North Carolina","US"
"Winston-Salem",249545,789,36.0998131,-80.2440518,8,"NC","North Carolina","US"
"Greensboro",299035,789,36.0726355,-79.7919754,8,"NC","North Carolina","US"
"Nashua",86494,790,42.7656251,-71.4677032,24,"NH","New Hampshire","US"
"Manchester",109497,790,42.9956397,-71.4547891,24,"NH","New Hampshire","US"
"Chicopee",55298,791,42.1487691,-72.6071119,9,"MA","Massachusetts","US"
"Springfield",155929,791,42.1018764,-72.5886727,9,"MA","Massachusetts","US"
"Casper",58763,792,42.8501191,-106.325138,23,"WY","Wyoming","US"
"Cheyenne",65035,792,41.139981,-104.820246,23,"WY","Wyoming","US"
"West Des Moines",68723,793,41.5644476,-93.7594059,4,"IA","Iowa","US"
"Ankeny",76207,793,41.7320796,-93.605092,4,"IA","Iowa","US"
"Sioux City",85797,793,42.4966815,-96.4058782,4,"IA","Iowa","US"
"Des Moines",214133,793,41.5868654,-93.6249494,4,"IA","Iowa","US"
"Fairfield",57829,794,41.1412078,-73.2637258,9,"CT","Connecticut","US"
"Danbury",80893,794,41.394817,-73.4540111,9,"CT","Connecticut","US"
"New Haven",124001,794,41.3082138,-72.9250518,9,"CT","Connecticut","US"
"Bridgeport",137912,794,41.1792695,-73.1887863,9,"CT","Connecticut","US"
"Leesburg",54215,795,39.1154506,-77.5645607,10,"VA","Virginia","US"
"Reston",63226,795,38.9587514,-77.3585955,10,"VA","Virginia","US"
"Centreville",73518,795,38.8387653,-77.4315911,10,"VA","Virginia","US"
"Pawtucket",72998,796,41.8789531,-71.3821203,24,"RI","Rhode Island","US"
"Cranston",81479,796,41.779588,-71.4366813,24,"RI","Rhode Island","US"
"Warwick",85925,796,41.6992717,-71.4586114,24,"RI","Rhode Island","US"
"Providence",179472,796,41.8239891,-71.4128343,24,"RI","Rhode Island","US"
"White Plains",59559,797,41.0339862,-73.7629097,11,"NY","New York","US"
"Haverhill",60879,798,42.7777829,-71.0767724,24,"MA","Massachusetts","US"
"Lawrence",76377,798,42.7070354,-71.1631137,24,"MA","Massachusetts","US"
"Lynn",90329,798,42.466763,-70.9494939,24,"MA","Massachusetts","US"
"Lowell",115554,798,42.6414437,-71.3085329,24,"MA","Massachusetts","US"
"Amherst",129595,799,42.9783924,-78.7997616,9,"NY","New York","US"
"Buffalo",278349,799,42.8867166,-78.8783922,9,"NY","New York","US"
"Troy",51401,800,42.7284117,-73.6917878,9,"NY","New York","US"
"Schenectady",61560,800,42.8142432,-73.9395687,9,"NY","New York","US"
"Albany",99224,800,42.6511674,-73.754968,9,"NY","New York","US"
"Marysville",70714,801,48.0517429,-122.1768209,33,"WA","Washington","US"
"Bellingham",91482,801,48.7544012,-122.478836,33,"WA","Washington","US"
"Everett",110629,801,47.9793437,-122.2127011,33,"WA","Washington","US"
"Mount Vernon",73893,803,40.9125085,-73.8386504,11,"NY","New York","US"
"New Rochelle",79726,803,40.9115386,-73.7826363,11,"NY","New York","US"
"Yonkers",211569,803,40.9312099,-73.8987469,11,"NY","New York","US"
"New York",8804190,803,40.7127281,-74.0060152,11,"NY","New York","US"
"Gresham",114247,804,45.4978623,-122.4329883,1,"OR","Oregon","US"
"Portland",652503,804,45.5202471,-122.674194,1,"OR","Oregon","US"
"Levittown",51758,806,40.7259621,-73.5144766,11,"NY","New York","US"
"Hempstead",59169,806,40.7092836,-73.6230362,11,"NY","New York","US"
"Brentwood",62387,806,40.7812093,-73.2462273,11,"NY","New York","US"
"Brookhaven",485773,806,40.7792653,-72.9153827,11,"NY","New York","US"
"Paradise",191238,807,36.1011223,-115.1479329,26,"NV","Nevada","US"
"North Las Vegas",245949,807,36.2005843,-115.121584,26,"NV","Nevada","US"
"Henderson",310390,807,36.0319843,-114.9822486,26,"NV","Nevada","US"
"Las Vegas",653533,807,36.171697,-115.1463536,26,"NV","Nevada","US"
"Upper Darby",79356,808,39.9284459,-75.2737955,29,"PA","Pennsylvania","US"
"Philadelphia",1603797,808,39.9527237,-75.1635262,29,"PA","Pennsylvania","US"
"Penn Hills",55283,809,40.4729398,-79.8176723,18,"PA","Pennsylvania","US"
"Pittsburgh",311647,809,40.4416941,-79.9900861,18,"PA","Pennsylvania","US"
"Scranton",72861,810,41.4086874,-75.6621294,18,"PA","Pennsylvania","US"
"Harrisburg",50099,811,40.2663107,-76.8861122,18,"PA","Pennsylvania","US"
"Lancaster",59322,811,40.0379958,-76.3056707,18,"PA","Pennsylvania","US"
"Levittown",52699,812,40.154762,-74.8380029,29,"PA","Pennsylvania","US"
"Abington Township",54608,812,40.1206656,-75.1179512,29,"PA","Pennsylvania","US"
"Bensalem Township",58751,812,40.1045549,-74.951279,29,"PA","Pennsylvania","US"
"Vineland",60724,813,39.4862777,-75.0254256,29,"NJ","New Jersey","US"
"Cherry Hill",71586,813,39.9348351,-75.0307264,29,"NJ","New Jersey","US"
"Camden",77344,813,39.9448402,-75.1198911,29,"NJ","New Jersey","US"
"Wayne",54849,814,40.9491723,-74.2376802,11,"NJ","New Jersey","US"
"Union City",63930,814,40.7795455,-74.0237512,11,"NJ","New Jersey","US"
"Clifton",79606,814,40.8584328,-74.1637553,11,"NJ","New Jersey","US"
"Paterson",147000,814,40.9167654,-74.171811,11,"NJ","New Jersey","US"
"Walnut Creek",70166,815,37.9020731,-122.0618702,21,"CA","California","US"
"Alameda",77624,815,37.7652076,-122.241635,21,"CA","California","US"
"Antioch",111502,815,38.0093296,-121.8106925,21,"CA","California","US"
"Oakland",433031,815,37.8044557,-122.271356,21,"CA","California","US"
"Perris",51397,816,33.7818729,-117.2298477,26,"CA","California","US"
"Hemet",70136,816,33.7475203,-116.9719684,26,"CA","California","US"
"Jurupa Valley",98842,816,33.9798472,-117.4515754,26,"CA","California","US"
"Riverside",322424,816,33.9824949,-117.374238,26,"CA","California","US"
"Union",55039,817,40.6964878,-74.2698106,29,"NJ","New Jersey","US"
"Hamilton Township",87065,817,40.2113211,-74.6858335,29,"NJ","New Jersey","US"
"Woodbridge Township",99208,817,40.5576045,-74.2845911,29,"NJ","New Jersey","US"
"Elizabeth",126179,817,40.6639916,-74.2107006,29,"NJ","New Jersey","US"
"Alexandria",160035,818,38.8051095,-77.0470229,10,"VA","Virginia","US"
"Arlington",238643,818,38.8903961,-77.0841585,10,"VA","Virginia","US"
"Washington D.C.",672228,818,38.8950368,-77.0365427,10,"DC","District of Columbia","US"
"Bowie",58481,819,38.9424464,-76.7301718,10,"MD","Maryland","US"
"Bethesda",68056,819,38.9846816,-77.0942447,10,"MD","Maryland","US"
"Silver Spring",71452,819,38.9959461,-77.0276231,10,"MD","Maryland","US"
"Waldorf",81410,819,38.6263882,-76.9106581,10,"MD","Maryland","US"
"Towson",59553,820,39.4018513,-76.6023803,10,"MD","Maryland","US"
"Glen Burnie",72891,820,39.1648,-76.6249437,10,"MD","Maryland","US"
"Columbia",103683,820,39.2156213,-76.8582049,10,"MD","Maryland","US"
"Baltimore",585708,820,39.2908816,-76.610759,10,"MD","Maryland","US"
"Charleston",50846,821,38.3505995,-81.6332812,18,"WV","West Virginia","US"
"Scottsdale",241361,822,33.4942189,-111.926018,15,"AZ","Arizona","US"
"Harrisonburg",54215,824,38.4493315,-78.8688833,8,"VA","Virginia","US"
"Richmond",226610,824,37.5385087,-77.43428,8,"VA","Virginia","US"
"Portsmouth",97915,825,36.8320081,-76.297699,8,"VA","Virginia","US"
"Newport News",186247,825,36.9775016,-76.42977,8,"VA","Virginia","US"
"Chesapeake",249422,825,36.7168315,-76.2494453,8,"VA","Virginia","US"
"Virginia Beach",459470,825,36.8496579,-75.9760751,8,"VA","Virginia","US"
"Anchorage",291247,826,61.2163129,-149.894852,23,"AK","Alaska","US"
"Thunder Bay",108359,827,48.406414,-89.259796,19,"ON","Ontario","Canada"
"Regina",215106,827,50.4479733,-104.6158764,19,"SK","Saskatchewan","Canada"
"Winnipeg",663617,827,49.8955367,-97.1384584,19,"MB","Manitoba","Canada"
"Marana",51908,828,32.4483736,-111.211475,15,"AZ","Arizona","US"
"Tucson",542629,828,32.2228765,-110.974847,15,"AZ","Arizona","US"
"Sanford",61051,829,28.8117345,-81.2680223,25,"FL","Florida","US"
"Daytona Beach",64183,829,29.2108147,-81.0228331,25,"FL","Florida","US"
"Palm Coast",68013,829,29.5541432,-81.2207673,25,"FL","Florida","US"
"Deltona",84273,829,28.904843,-81.2273119,25,"FL","Florida","US"
"Bradenton",53662,830,27.4989278,-82.5748194,12,"FL","Florida","US"
"Fort Myers",60531,830,26.640628,-81.8723084,12,"FL","Florida","US"
"Lehigh Acres",132618,830,26.6091509,-81.652407,12,"FL","Florida","US"
"Cape Coral",154305,830,26.5625742,-81.9438802,12,"FL","Florida","US"
"Victoria",65534,832,28.7997547,-97.0064246,17,"TX","Texas","US"
"Edinburg",100243,832,26.3013982,-98.1624501,17,"TX","Texas","US"
"Brownsville",186738,832,25.9024289,-97.4981698,17,"TX","Texas","US"
"Corpus Christi",317863,832,27.7635302,-97.4033191,17,"TX","Texas","US"
"Ocala",60786,833,29.1871986,-82.1400923,25,"FL","Florida","US"
"The Villages",79077,833,28.9269978,-82.0041758,25,"FL","Florida","US"
"Spring Hill",98621,833,28.4635266,-82.5363557,25,"FL","Florida","US"
"Gainesville",116616,833,29.6519684,-82.3249846,25,"FL","Florida","US"
"Castle Rock",73158,834,39.3722552,-104.858682,3,"CO","Colorado","US"
"Centennial",117453,834,39.579155,-104.8769227,3,"CO","Colorado","US"
"Waco",138486,835,31.5491899,-97.1474628,5,"TX","Texas","US"
"Grand Prairie",183372,835,32.7459645,-96.9977846,5,"TX","Texas","US"
"Irving",256684,835,32.8295183,-96.9442177,5,"TX","Texas","US"
"Mansfield",56368,836,32.563487,-97.1420308,5,"TX","Texas","US"
"Arlington",365438,836,32.7355816,-97.1071186,5,"TX","Texas","US"
"Fort Worth",996756,836,32.753177,-97.3327459,5,"TX","Texas","US"
"Waltham",59352,837,42.3762385,-71.2355644,24,"MA","Massachusetts","US"
"Brookline",63191,837,42.332918,-71.1187829,24,"MA","Massachusetts","US"
"Newton",85146,837,42.3370414,-71.2092214,24,"MA","Massachusetts","US"
"Boston",675647,837,42.3554334,-71.060511,24,"MA","Massachusetts","US"
"Spring Valley",215957,838,36.1111405,-115.242865,26,"NV","Nevada","US"
"Enterprise",221831,838,36.0405373,-115.1899298,26,"NV","Nevada","US"
"Niagara Falls",82184,839,43.1065603,-79.0639039,14,"ON","Ontario","Canada"
"St. Catharines",136803,839,43.1579812,-79.2441003,14,"ON","Ontario","Canada"
"Burlington",186948,839,43.3248924,-79.7966835,14,"ON","Ontario","Canada"
"Hamilton",569353,839,43.2560802,-79.8728583,14,"ON","Ontario","Canada"
"Medicine Hat",56997,840,50.04303,-110.679016,19,"AB","Alberta","Canada"
"Lethbridge",83517,840,49.6945782,-112.8331033,19,"AB","Alberta","Canada"
"Red Deer",100418,840,52.2690628,-113.8141464,19,"AB","Alberta","Canada"
"Calgary",1267344,840,51.0456064,-114.057541,19,"AB","Alberta","Canada"
"Sudbury",161531,841,46.49272,-80.991211,14,"ON","Ontario","Canada"
"Richmond Hill",202022,841,43.8801166,-79.4392925,14,"ON","Ontario","Canada"
"Markham",338503,841,43.8563707,-79.3376825,14,"ON","Ontario","Canada"
"Mississauga",717961,841,43.5896231,-79.6443879,14,"ON","Ontario","Canada"
"Bozeman",53293,842,45.6794293,-111.044047,23,"MT","Montana","US"
"Great Falls",60442,842,47.5048851,-111.29189,23,"MT","Montana","US"
"Missoula",73489,842,46.8701049,-113.995267,23,"MT","Montana","US"
"Billings",117116,842,45.7874957,-108.49607,23,"MT","Montana","US"
"Saint John",69895,843,45.2787992,-66.0585188,32,"NB","New Brunswick / Nouveau-Brunswick","Canada"
"Moncton",79470,843,46.0985679,-64.8004265,32,"NB","New Brunswick / Nouveau-Brunswick","Canada"
"St. John's",110525,843,47.5614705,-52.7126162,32,"NL","Newfoundland and Labrador","Canada"
"Halifax",403131,843,44.648618,-63.5859487,32,"NS","Nova Scotia","Canada"
"Drummondville",79258,844,45.8864303,-72.5018764,32,"QC","Québec","Canada"
"Lévis",143414,844,46.8033114,-71.1778792,32,"QC","Québec","Canada"
"Longueuil",254483,844,45.521906,-73.4644578,32,"QC","Québec","Canada"
"Montréal",1762949,844,45.5031824,-73.5698065,32,"QC","Québec","Canada"
"Victoria",91867,845,48.4283182,-123.364953,19,"BC","British Columbia","Canada"
"Delta",108455,845,49.0846258,-123.057938,19,"BC","British Columbia","Canada"
"Richmond",209937,845,49.163168,-123.137414,19,"BC","British Columbia","Canada"
"Vancouver",662248,845,49.2608724,-123.113952,19,"BC","British Columbia","Canada"
"Kamloops",90280,846,50.6758269,-120.339415,19,"BC","British Columbia","Canada"
"Langley Township",132603,846,49.1202942,-122.659331,19,"BC","British Columbia","Canada"
"Coquitlam",148625,846,49.2842958,-122.793281,19,"BC","British Columbia","Canada"
"Surrey",568322,846,49.1913033,-122.849143,19,"BC","British Columbia","Canada"
"Peterborough",81032,848,44.3048009,-78.3199496,14,"ON","Ontario","Canada"
"Whitby",128377,848,43.87982,-78.9421751,14,"ON","Ontario","Canada"
"Oshawa",175383,848,43.8975558,-78.8635324,14,"ON","Ontario","Canada"
"Toronto",2731571,848,43.6534817,-79.3839347,14,"ON","Ontario","Canada"
"Saint-Jérôme",68456,849,45.7780402,-74.0033272,32,"QC","Québec","Canada"
"Repentigny",84285,849,45.7326055,-73.4528307,32,"QC","Québec","Canada"
"Terrebonne",111575,849,45.6951527,-73.6350148,32,"QC","Québec","Canada"
"Laval",438366,849,45.5571125,-73.7211779,32,"QC","Québec","Canada"
"Waterloo",104986,852,43.4652699,-80.5222961,14,"ON","Ontario","Canada"
"Guelph",131794,852,43.5460516,-80.2493276,14,"ON","Ontario","Canada"
"Kitchener",233222,852,43.451291,-80.4927815,14,"ON","Ontario","Canada"
"London",422324,852,42.9832406,-81.243372,14,"ON","Ontario","Canada"
"Lee's Summit",96076,853,38.9107156,-94.3821295,3,"MO","Missouri","US"
"Olathe",135473,853,38.8838856,-94.81887,3,"KS","Kansas","US"
"Overland Park",188966,853,38.9742502,-94.6851702,3,"KS","Kansas","US"
"Wichita",357698,853,37.6922361,-97.3375448,3,"KS","Kansas","US"
"Fort McMurray",66573,854,56.7291997,-111.3885221,19,"AB","Alberta","Canada"
"Sherwood Park",73000,854,53.5256963,-113.296631,19,"AB","Alberta","Canada"
"Saskatoon",246376,854,52.131802,-106.660767,19,"SK","Saskatchewan","Canada"
"Edmonton",928182,854,53.5462055,-113.491241,19,"AB","Alberta","Canada"
"Bolingbrook",73922,856,41.7003302,-88.0717708,28,"IL","Illinois","US"
"Elgin",112603,856,42.03726,-88.2810994,28,"IL","Illinois","US"
"Naperville",149540,856,41.7728699,-88.1479278,28,"IL","Illinois","US"
"Aurora",180542,856,41.7571701,-88.3147539,28,"IL","Illinois","US"
"Mount Prospect",56852,857,42.0664167,-87.9372908,28,"IL","Illinois","US"
"Des Plaines",60675,857,42.0415823,-87.8873916,28,"IL","Illinois","US"
"Cicero",85268,857,41.8455398,-87.7540199,28,"IL","Illinois","US"
"Chicago",2746388,857,41.8755616,-87.6244212,28,"IL","Illinois","US"
"Surprise",143148,858,33.629247,-112.3681428,15,"AZ","Arizona","US"
"Euless",52016,859,32.8370727,-97.0819541,5,"TX","Texas","US"
"North Richland Hills",62306,859,32.8342952,-97.2289029,5,"TX","Texas","US"
"Flower Mound",75956,859,33.0283854,-97.0867203,5,"TX","Texas","US"
"Lewisville",104659,859,33.046233,-96.994174,5,"TX","Texas","US"
"Erie",97263,861,42.1294712,-80.0852695,18,"PA","Pennsylvania","US"
"Parker",58512,862,39.5184514,-104.7612638,3,"CO","Colorado","US"
"Aurora",386261,862,39.7405111,-104.830994,3,"CO","Colorado","US"
"Alpharetta",65799,863,34.0709576,-84.2747329,6,"GA","Georgia","US"
"Johns Creek",84350,863,34.0181557,-84.190196,6,"GA","Georgia","US"
"Roswell",94786,863,34.02332,-84.360022,6,"GA","Georgia","US"
"Sandy Springs",106739,863,33.9242688,-84.3785379,6,"GA","Georgia","US"
"Carson City",58639,864,39.1663259,-119.7670374,21,"NV","Nevada","US"
"Sparks",104246,864,39.5404679,-119.7487235,21,"NV","Nevada","US"
"Reno",271953,864,39.5261206,-119.8126581,21,"NV","Nevada","US"
"Redondo Beach",67346,865,33.8398289,-118.3845942,2,"CA","California","US"
"Hawthorne",84293,865,33.9128272,-118.3426122,2,"CA","California","US"
"Compton",96445,865,33.894927,-118.226624,2,"CA","California","US"
"Long Beach",469450,865,33.7690164,-118.191604,2,"CA","California","US"
"Pueblo",111876,866,38.263995,-104.6141867,3,"CO","Colorado","US"
"Colorado Springs",478961,866,38.8339578,-104.825348,3,"CO","Colorado","US"
"Greenville",70720,867,34.851354,-82.3984882,27,"SC","South Carolina","US"
"Asheville",72789,867,35.595363,-82.5508407,27,"NC","North Carolina","US"
"Eau Claire",69441,868,44.811349,-91.4984941,16,"WI","Wisconsin","US"
"Appleton",75644,868,44.2613967,-88.4069744,16,"WI","Wisconsin","US"
"Green Bay",107395,868,44.5126379,-88.0125794,16,"WI","Wisconsin","US"
"Kettering",54430,869,39.6895036,-84.1688274,31,"OH","Ohio","US"
"Springfield",62844,869,39.9234046,-83.810138,31,"OH","Ohio","US"
"Dayton",156771,869,39.7589478,-84.1916069,31,"OH","Ohio","US"
"Tallahassee",186411,871,30.4380832,-84.2809332,25,"FL","Florida","US"
"Plymouth",61217,872,41.9583799,-70.6673851,24,"MA","Massachusetts","US"
"Quincy",92271,872,42.2509914,-71.0037374,24,"MA","Massachusetts","US"
"New Bedford",92538,872,41.6362152,-70.934205,24,"MA","Massachusetts","US"
"Brockton",94191,872,42.0834335,-71.0183787,24,"MA","Massachusetts","US"
"Utica",65283,873,43.1009031,-75.2326641,9,"NY","New York","US"
"Syracuse",148620,873,43.0481221,-76.1474244,9,"NY","New York","US"
"Florissant",52533,875,38.7919683,-90.3227803,30,"MO","Missouri","US"
"Saint Peters",57289,875,38.791612,-90.5958468,30,"MO","Missouri","US"
"Saint Charles",70329,875,38.783855,-90.481677,30,"MO","Missouri","US"
"O’Fallon",94074,875,38.7902503,-90.7033292,30,"MO","Missouri","US"
"Las Cruces",111385,876,32.3140354,-106.779807,3,"NM","New Mexico","US"
"El Paso",678815,876,31.7601164,-106.4870404,3,"TX","Texas","US"
"Jacksonville",72723,878,34.7494749,-77.4208221,27,"NC","North Carolina","US"
"Wilmington",95944,878,34.2257282,-77.9447107,27,"NC","North Carolina","US"
"Fayetteville",205678,878,35.0525759,-78.878292,27,"NC","North Carolina","US"
"Stonecrest",54471,879,33.6831296,-84.1358505,6,"GA","Georgia","US"
"Athens",127064,879,33.9597677,-83.376398,6,"GA","Georgia","US"
"Vancouver",190915,920,45.6306954,-122.6744557,1,"WA","Washington","US"
"Lynchburg",79009,921,37.4137536,-79.1422464,8,"VA","Virginia","US"
"Roanoke",99837,921,37.270973,-79.9414313,8,"VA","Virginia","US"
"Queen Creek",59519,922,33.2483858,-111.634158,15,"AZ","Arizona","US"
"San Tan Valley",99894,922,33.1775233,-111.547892,15,"AZ","Arizona","US"
"Gilbert",267918,922,33.3527632,-111.789037,15,"AZ","Arizona","US"
"Chandler",275987,922,33.3062031,-111.841185,15,"AZ","Arizona","US"
"Oshkosh",66083,923,44.0206919,-88.5408574,16,"WI","Wisconsin","US"
"Manchester",55650,924,41.7834017,-72.5231973,9,"CT","Connecticut","US"
"Meriden",60868,924,41.5381535,-72.8070435,9,"CT","Connecticut","US"
"New Britain",73206,924,41.6612104,-72.7795419,9,"CT","Connecticut","US"
"Hartford",124060,924,41.764582,-72.6908547,9,"CT","Connecticut","US"
"Howell Township",57075,925,40.1413032,-74.2236618,29,"NJ","New Jersey","US"
"Middletown Township",66807,925,40.384263,-74.089879,29,"NJ","New Jersey","US"
"Lakewood Township",92843,925,40.0978929,-74.2176435,29,"NJ","New Jersey","US"
"Toms River",95438,925,39.9526791,-74.1968257,29,"NJ","New Jersey","US"
"Wilmington",72826,926,39.7459468,-75.546589,10,"DE","Delaware","US"
"Lake Charles",84872,927,30.2305095,-93.2169807,22,"LA","Louisiana","US"
"Beaumont",115282,927,30.0829344,-94.0984277,22,"TX","Texas","US"
"Lafayette",121324,927,30.2262187,-92.0178202,22,"LA","Louisiana","US"
"Baton Rouge",227470,927,30.4494155,-91.1869659,22,"LA","Louisiana","US"
"Newark",50383,928,40.0581205,-82.4012643,31,"OH","Ohio","US"
"Spring",54298,929,30.0795707,-95.4187924,34,"TX","Texas","US"
"Atascocita",88174,929,29.9990074,-95.1620137,34,"TX","Texas","US"
"Conroe",89956,929,30.3118769,-95.4560512,34,"TX","Texas","US"
"The Woodlands",93847,929,30.1734194,-95.504686,34,"TX","Texas","US"
"Missouri City",67358,930,29.6185669,-95.5377215,34,"TX","Texas","US"
"Sugar Land",79943,930,29.6196787,-95.6349463,34,"TX","Texas","US"
"Houston",2304580,930,29.7589382,-95.3676974,34,"TX","Texas","US"
"Allen",106874,931,33.1031744,-96.6705503,5,"TX","Texas","US"
"Denton",109561,931,33.2150386,-97.1330516,5,"TX","Texas","US"
"McKinney",202690,931,33.1976496,-96.6154471,5,"TX","Texas","US"
"Frisco",210719,931,33.1505998,-96.8238183,5,"TX","Texas","US"
"Waterloo",67314,932,42.498275,-92.3328743,4,"IA","Iowa","US"
"Iowa City",74828,932,41.6612561,-91.5299106,4,"IA","Iowa","US"
"Davenport",101724,932,41.5235808,-90.5770967,4,"IA","Iowa","US"
"Cedar Rapids",137710,932,41.9758872,-91.6704053,4,"IA","Iowa","US"
"Normal",52497,934,40.5092961,-88.9843937,30,"IL","Illinois","US"
"Bloomington",76610,934,40.4797828,-88.9939147,30,"IL","Illinois","US"
"Peoria",113150,934,40.6938609,-89.5891008,30,"IL","Illinois","US"
"Grand Junction",65560,935,39.0672568,-108.56448,3,"CO","Colorado","US"
"Arvada",109745,935,39.8005505,-105.0811573,3,"CO","Colorado","US"
"Lakewood",140024,935,39.7085736,-105.0846694,3,"CO","Colorado","US"
"Denver",715522,935,39.7392364,-104.984862,3,"CO","Colorado","US"
"Casa Grande",55653,936,32.8772834,-111.7536818,15,"AZ","Arizona","US"
"Maricopa",62720,936,33.058129,-112.047755,15,"AZ","Arizona","US"
"Yuma",93064,936,32.723268,-114.6179954,15,"AZ","Arizona","US"
"Lake Havasu City",57144,937,34.4775296,-114.3379972,15,"AZ","Arizona","US"
"Flagstaff",76831,937,35.1987522,-111.651822,15,"AZ","Arizona","US"
"Smyrna",53070,938,35.9824598,-86.5199492,20,"TN","Tennessee","US"
"Franklin",83454,938,35.925206,-86.8689419,20,"TN","Tennessee","US"
"Murfreesboro",126118,938,35.8460396,-86.3921096,20,"TN","Tennessee","US"
"San Rafael",58704,939,37.9747795,-122.5316686,21,"CA","California","US"
"Napa",80434,939,38.2971367,-122.2855293,21,"CA","California","US"
"Vallejo",121692,939,38.1040864,-122.2566367,21,"CA","California","US"
"Santa Rosa",174972,939,38.4404925,-122.7141049,21,"CA","California","US"
"Davis",66850,940,38.5435526,-121.739005,21,"CA","California","US"
"Sacramento",490712,940,38.5810606,-121.493895,21,"CA","California","US"
"Anderson",57496,941,40.1053196,-85.6802541,7,"IN","Indiana","US"
"Noblesville",69604,941,40.0455918,-86.0085955,7,"IN","Indiana","US"
"Fishers",98977,941,39.9555928,-86.0138729,7,"IN","Indiana","US"
"Fort Wayne",248637,941,41.0799898,-85.1386015,7,"IN","Indiana","US"
"North Bay",51553,942,46.3092115,-79.4607617,32,"ON","Ontario","Canada"
"Kingston",123363,942,44.230687,-76.481323,32,"ON","Ontario","Canada"
"Gatineau",276245,942,45.4277659,-75.710976,32,"QC","Québec","Canada"
"Ottawa",934243,942,45.4208777,-75.6901106,32,"ON","Ontario","Canada"
"Battle Creek",52777,944,42.3192548,-85.1824269,7,"MI","Michigan","US"
"Kalamazoo",72161,944,42.291707,-85.5872286,7,"MI","Michigan","US"
"Lansing",112644,944,42.7338254,-84.5546295,7,"MI","Michigan","US"
"Rochester Hills",76300,945,42.6583661,-83.1499322,7,"MI","Michigan","US"
"Flint",79865,945,43.0161693,-83.6900211,7,"MI","Michigan","US"
"Clinton Charter Township",100513,945,42.5869782,-82.9200047,7,"MI","Michigan","US"
"Sterling Heights",134346,945,42.5803122,-83.0302033,7,"MI","Michigan","US"
"Dale City",72088,946,38.645601,-77.3364973,10,"VA","Virginia","US"
"Stafford",139992,946,38.4222681,-77.4084067,10,"VA","Virginia","US"
"Gaithersburg",69657,947,39.1399187,-77.1929215,10,"MD","Maryland","US"
"Frederick",72237,947,39.415779,-77.4127562,10,"MD","Maryland","US"
"Germantown",91249,947,39.181334,-77.266647,10,"MD","Maryland","US"
"Bethlehem",75624,948,40.6178915,-75.3786521,18,"PA","Pennsylvania","US"
"Reading",88082,948,40.335345,-75.9279495,18,"PA","Pennsylvania","US"
"Allentown",120443,948,40.6022059,-75.4712794,18,"PA","Pennsylvania","US"
"Bayonne",58844,949,40.6687141,-74.1143091,11,"NJ","New Jersey","US"
"East Orange",67247,949,40.7642404,-74.215011,11,"NJ","New Jersey","US"
"Jersey City",292449,949,40.7215682,-74.047455,11,"NJ","New Jersey","US"
"Newark",311549,949,40.735657,-74.1723667,11,"NJ","New Jersey","US"
"Irondequoit",51043,951,43.2133955,-77.5797226,9,"NY","New York","US"
"Rochester",211328,951,43.157285,-77.615214,9,"NY","New York","US"
"Framingham",68318,952,42.2773177,-71.4165905,24,"MA","Massachusetts","US"
"Worcester",206518,952,42.2625621,-71.8018877,24,"MA","Massachusetts","US"
"Layton",81773,953,41.0751048,-111.9741925,23,"UT","Utah","US"
"Ogden",87321,953,41.2230048,-111.9738429,23,"UT","Utah","US"
"West Valley City",140230,953,40.6967891,-111.9866954,23,"UT","Utah","US"
"Salt Lake City",200133,953,40.7596198,-111.886797,23,"UT","Utah","US"
"Concord",109896,954,35.4094178,-80.5800049,27,"NC","North Carolina","US"
"Charlotte",751087,954,35.2272086,-80.8430827,27,"NC","North Carolina","US"
"Riverview",71050,955,27.871197,-82.3269883,12,"FL","Florida","US"
"Lakeland",108054,955,28.0394654,-81.9498042,12,"FL","Florida","US"
"Brandon",114626,955,27.937801,-82.2859247,12,"FL","Florida","US"
"Kissimmee",79226,956,28.2918995,-81.4075838,25,"FL","Florida","US"
"Alafaya",92452,956,28.5667957,-81.2076407,25,"FL","Florida","US"
"Orlando",307573,956,28.5421109,-81.3790304,25,"FL","Florida","US"
"Midwest City",55161,957,35.4495097,-97.3967025,22,"OK","Oklahoma","US"
"Edmond",76644,957,35.6571367,-97.4649038,22,"OK","Oklahoma","US"
"Oklahoma City",681054,957,35.4729886,-97.5170536,22,"OK","Oklahoma","US"
"Sammamish",67455,958,47.6017554,-122.0416844,33,"WA","Washington","US"
"Redmond",73256,958,47.6694141,-122.1238767,33,"WA","Washington","US"
"Kirkland",92175,958,47.6765382,-122.2070775,33,"WA","Washington","US"
"Bellevue",151854,958,47.6144219,-122.192337,33,"WA","Washington","US"
"San Marcos",94833,959,33.1352995,-117.1743395,2,"CA","California","US"
"Carlsbad",114746,959,33.1580933,-117.3505966,2,"CA","California","US"
"Escondido",151038,959,33.1216751,-117.0814849,2,"CA","California","US"
"Oceanside",174068,959,33.1958696,-117.379483,2,"CA","California","US"
"Rocky Mount",54341,961,35.9423833,-77.7956949,8,"NC","North Carolina","US"
"Greenville",87521,961,35.613224,-77.3724593,8,"NC","North Carolina","US"
